<?xml version="1.0" encoding="UTF-8" standalone="yes" ?> 
<InstructionSet>
	<!-- Open Carrier Inventory On Hand Export window -->
	<Instruction>
		<InstructionName>frame</InstructionName>
		<Operand>w_import_frame</Operand> 
		<Value type="" use_offset="" offset_days="" time_of_day="" day_of_month="" offset_months="" /> 
	</Instruction> 
	<Instruction>
		<InstructionName>open</InstructionName>
		<Operand>w_export</Operand> 
		<Value type="" use_offset="" offset_days="" time_of_day="" day_of_month="" offset_months="" />
	</Instruction> 
	<Instruction>
		<InstructionName>setstringparm</InstructionName>
		<Operand>carrierinventory,Export Carrier Inventory On Hand</Operand> 
		<Value type="" use_offset="" offset_days="" time_of_day="" day_of_month="" offset_months="" /> 
	</Instruction> 
	<!-- Required: Set Company ID -->
	<Instruction>
		<InstructionName>set</InstructionName>
		<Operand>company_id</Operand> 
		<Value type="char(8)" use_offset="" offset_days="" time_of_day="" day_of_month="" offset_months="">1</Value>
	</Instruction> 
	<!-- Required: Set Vendor ID List - comma delimited list of vendor IDs -->
	<Instruction>
		<InstructionName>set</InstructionName>
		<Operand>vendor_id_list</Operand> 
		<Value type="long" use_offset="" offset_days="" time_of_day="" day_of_month="" offset_months="">10248, 10250</Value>
	</Instruction> 	
	<!-- Required: Set Start Date - with use_offset set to Y, this will ignore the date and instead use the current date with the offset values -->
	<Instruction>
		<InstructionName>set</InstructionName>
		<Operand>beg_date</Operand> 
		<Value type="datetime" use_offset="Y" offset_days="-7" time_of_day="S" day_of_month="N" offset_months="0">01-01-2013 00:00:00</Value>
	</Instruction> 
	<!-- Optional: Set Export Path - if left blank, this will default to the system setting value -->
	<Instruction>
		<InstructionName>set</InstructionName>
		<Operand>export_path</Operand> 
		<Value type="char(255)" use_offset="" offset_days="" time_of_day="" day_of_month="" offset_months="" />
	</Instruction> 
	<!-- Save the window -->
	<Instruction>
		<InstructionName>triggerevent</InstructionName>
		<Operand>triggerevent</Operand> 
		<Value type="" use_offset="" offset_days="" time_of_day="" day_of_month="" offset_months="" >ue_Save</Value>
	</Instruction>
	<!-- Close the application -->
	<Instruction>
		<InstructionName>triggerevent</InstructionName>
		<Operand>triggerevent</Operand> 
		<Value type="" use_offset="" offset_days="" time_of_day="" day_of_month="" offset_months="" >closeapplication</Value> 
	</Instruction>
</InstructionSet>