<?xml version="1.0" encoding="UTF-8" standalone="yes" ?> 
<InstructionSet>
	<!-- Open Carrier Claims Export window -->
	<Instruction>
		<InstructionName>frame</InstructionName>
		<Operand>w_import_frame</Operand> 
		<Value type="" use_offset="" offset_days="" time_of_day="" day_of_month="" offset_months="" /> 
	</Instruction> 
	<Instruction>
		<InstructionName>open</InstructionName>
		<Operand>w_export</Operand> 
		<Value type="" use_offset="" offset_days="" time_of_day="" day_of_month="" offset_months="" />
	</Instruction> 
	<Instruction>
		<InstructionName>setstringparm</InstructionName>
		<Operand>carrierclaim,Export Carrier Claims</Operand> 
		<Value type="" use_offset="" offset_days="" time_of_day="" day_of_month="" offset_months="" /> 
	</Instruction> 
	<!-- Required: Set Company ID -->
	<Instruction>
		<InstructionName>set</InstructionName>
		<Operand>company_id</Operand> 
		<Value type="char(8)" use_offset="" offset_days="" time_of_day="" day_of_month="" offset_months="">1</Value>
	</Instruction> 
	<!-- Required: Set Supplier List - comma delimited list of supplier IDs -->
	<Instruction>
		<InstructionName>set</InstructionName>
		<Operand>supplier_id_list</Operand> 
		<Value type="long" use_offset="" offset_days="" time_of_day="" day_of_month="" offset_months="">10250</Value>
	</Instruction> 	
	<!-- Required: Set Beginning Invoice Number -->
	<Instruction>
		<InstructionName>set</InstructionName>
		<Operand>beg_invoice_no</Operand> 
		<Value type="char(10)" use_offset="" offset_days="" time_of_day="" day_of_month="" offset_months="">1</Value>
	</Instruction> 
	<!-- Required: Set Ending Invoice Number -->
	<Instruction>
		<InstructionName>set</InstructionName>
		<Operand>end_invoice_no</Operand> 
		<Value type="char(10)" use_offset="" offset_days="" time_of_day="" day_of_month="" offset_months="">9999999999</Value>
	</Instruction> 
	<!-- Optional: Set Export Path - if left blank, this will default to the system setting value -->
	<Instruction>
		<InstructionName>set</InstructionName>
		<Operand>export_path</Operand> 
		<Value type="char(255)" use_offset="" offset_days="" time_of_day="" day_of_month="" offset_months="" />
	</Instruction> 
	<!-- Required: Set Resend Checkbox - if needs to be checked, set value of Y -->
	<Instruction>
		<InstructionName>set</InstructionName>
		<Operand>resend_flag</Operand> 
		<Value type="char(1)" use_offset="" offset_days="" time_of_day="" day_of_month="" offset_months="">N</Value>
	</Instruction> 
	<!-- Save the window -->
	<Instruction>
		<InstructionName>triggerevent</InstructionName>
		<Operand>triggerevent</Operand> 
		<Value type="" use_offset="" offset_days="" time_of_day="" day_of_month="" offset_months="" >ue_Save</Value>
	</Instruction>
	<!-- Close the application -->
	<Instruction>
		<InstructionName>triggerevent</InstructionName>
		<Operand>triggerevent</Operand> 
		<Value type="" use_offset="" offset_days="" time_of_day="" day_of_month="" offset_months="" >closeapplication</Value> 
	</Instruction>
</InstructionSet>