<?xml version="1.0" encoding="UTF-8" standalone="yes" ?> 
<InstructionSet>
	<!-- Open Carrier PO Export window -->
	<Instruction>
		<InstructionName>frame</InstructionName>
		<Operand>w_import_frame</Operand> 
		<Value type="" use_offset="" offset_days="" time_of_day="" day_of_month="" offset_months="" /> 
	</Instruction> 
	<Instruction>
		<InstructionName>open</InstructionName>
		<Operand>w_export</Operand> 
		<Value type="" use_offset="" offset_days="" time_of_day="" day_of_month="" offset_months="" />
	</Instruction> 
	<Instruction>
		<InstructionName>setstringparm</InstructionName>
		<Operand>carrierpochange,Export Carrier PO Changes</Operand> 
		<Value type="" use_offset="" offset_days="" time_of_day="" day_of_month="" offset_months="" /> 
	</Instruction> 
	<!-- Required: Set Company ID -->
	<Instruction>
		<InstructionName>set</InstructionName>
		<Operand>company_id</Operand> 
		<Value type="char(8)" use_offset="" offset_days="" time_of_day="" day_of_month="" offset_months="">1</Value>
	</Instruction> 
	<!-- Required: Set Supplier ID -->
	<Instruction>
		<InstructionName>set</InstructionName>
		<Operand>supplier_id</Operand> 
		<Value type="long" use_offset="" offset_days="" time_of_day="" day_of_month="" offset_months="">10248</Value>
	</Instruction> 	
<!-- Uncomment this section if vendor_id is needed. If it should be blank, this instruction can't be here or a 0 gets put in the field and nothing is exported.
	<Instruction>
		<InstructionName>set</InstructionName>
		<Operand>vendor_id</Operand> 
		<Value type="long" use_offset="" offset_days="" time_of_day="" day_of_month="" offset_months="" />
	</Instruction> 
-->
	<!-- Optional: Set Export Path - if left blank, this will default to the system setting value -->
	<Instruction>
		<InstructionName>set</InstructionName>
		<Operand>export_path</Operand> 
		<Value type="char(255)" use_offset="" offset_days="" time_of_day="" day_of_month="" offset_months="" />
	</Instruction> 
	<!-- Save the window -->
	<Instruction>
		<InstructionName>triggerevent</InstructionName>
		<Operand>triggerevent</Operand> 
		<Value type="" use_offset="" offset_days="" time_of_day="" day_of_month="" offset_months="" >ue_Save</Value>
	</Instruction>
	<!-- Close the application -->
	<Instruction>
		<InstructionName>triggerevent</InstructionName>
		<Operand>triggerevent</Operand> 
		<Value type="" use_offset="" offset_days="" time_of_day="" day_of_month="" offset_months="" >closeapplication</Value> 
	</Instruction>
</InstructionSet>